{
"meta":{"test_sets":[],"test_metrics":[],"learn_metrics":[{"best_value":"Min","name":"Logloss"}],"launch_mode":"Train","parameters":"","iteration_count":100,"learn_sets":["learn"],"name":"experiment"},
"iterations":[
{"learn":[0.6524093334],"iteration":0,"passed_time":0.00640238096,"remaining_time":0.6338357151},
{"learn":[0.5867968339],"iteration":1,"passed_time":0.0132227063,"remaining_time":0.6479126085},
{"learn":[0.540786413],"iteration":2,"passed_time":0.0190471459,"remaining_time":0.6158577175},
{"learn":[0.4898751699],"iteration":3,"passed_time":0.02464912795,"remaining_time":0.5915790707},
{"learn":[0.4571551543],"iteration":4,"passed_time":0.03013252275,"remaining_time":0.5725179323},
{"learn":[0.4116336382],"iteration":5,"passed_time":0.03546275877,"remaining_time":0.5555832207},
{"learn":[0.3784221502],"iteration":6,"passed_time":0.04084160899,"remaining_time":0.5426099479},
{"learn":[0.3508300048],"iteration":7,"passed_time":0.04717698808,"remaining_time":0.5425353629},
{"learn":[0.3362939541],"iteration":8,"passed_time":0.05257236504,"remaining_time":0.5315650243},
{"learn":[0.3200833247],"iteration":9,"passed_time":0.05811930441,"remaining_time":0.5230737397},
{"learn":[0.3015137086],"iteration":10,"passed_time":0.0634015432,"remaining_time":0.5129761223},
{"learn":[0.2825507017],"iteration":11,"passed_time":0.068774548,"remaining_time":0.5043466854},
{"learn":[0.266028771],"iteration":12,"passed_time":0.07412089914,"remaining_time":0.4960398635},
{"learn":[0.2508966189],"iteration":13,"passed_time":0.07959906311,"remaining_time":0.4889656734},
{"learn":[0.2374387154],"iteration":14,"passed_time":0.08593148392,"remaining_time":0.4869450756},
{"learn":[0.2224102754],"iteration":15,"passed_time":0.09202526138,"remaining_time":0.4831326223},
{"learn":[0.2112473708],"iteration":16,"passed_time":0.09726785298,"remaining_time":0.4748959881},
{"learn":[0.202801466],"iteration":17,"passed_time":0.1025583692,"remaining_time":0.4672103487},
{"learn":[0.1903684689],"iteration":18,"passed_time":0.1081944739,"remaining_time":0.4612501258},
{"learn":[0.1814866066],"iteration":19,"passed_time":0.1140025377,"remaining_time":0.4560101508},
{"learn":[0.1748979275],"iteration":20,"passed_time":0.1193957429,"remaining_time":0.4491554137},
{"learn":[0.1687138631],"iteration":21,"passed_time":0.1257368284,"remaining_time":0.4457942098},
{"learn":[0.1598608861],"iteration":22,"passed_time":0.1313309852,"remaining_time":0.4396732983},
{"learn":[0.1529614467],"iteration":23,"passed_time":0.1368903799,"remaining_time":0.4334862031},
{"learn":[0.1463049375],"iteration":24,"passed_time":0.1429698096,"remaining_time":0.4289094288},
{"learn":[0.1407253742],"iteration":25,"passed_time":0.1486012546,"remaining_time":0.4229420324},
{"learn":[0.1341352646],"iteration":26,"passed_time":0.1541023275,"remaining_time":0.4166470336},
{"learn":[0.1302877023],"iteration":27,"passed_time":0.159811863,"remaining_time":0.4109447906},
{"learn":[0.1232871642],"iteration":28,"passed_time":0.1652136422,"remaining_time":0.4044885723},
{"learn":[0.1180802309],"iteration":29,"passed_time":0.171207445,"remaining_time":0.3994840383},
{"learn":[0.1131905226],"iteration":30,"passed_time":0.1770064611,"remaining_time":0.393982123},
{"learn":[0.1082707185],"iteration":31,"passed_time":0.1822177694,"remaining_time":0.3872127599},
{"learn":[0.1046546239],"iteration":32,"passed_time":0.1881097552,"remaining_time":0.381919806},
{"learn":[0.1013711416],"iteration":33,"passed_time":0.1935529136,"remaining_time":0.3757203616},
{"learn":[0.09620554631],"iteration":34,"passed_time":0.1989915765,"remaining_time":0.3695557849},
{"learn":[0.09314242693],"iteration":35,"passed_time":0.2046244416,"remaining_time":0.3637767851},
{"learn":[0.08969680163],"iteration":36,"passed_time":0.2101225916,"remaining_time":0.3577763045},
{"learn":[0.08768270566],"iteration":37,"passed_time":0.2158917445,"remaining_time":0.3522444252},
{"learn":[0.08497430728],"iteration":38,"passed_time":0.2227002133,"remaining_time":0.3483259746},
{"learn":[0.08147964111],"iteration":39,"passed_time":0.2286728034,"remaining_time":0.3430092051},
{"learn":[0.07892985527],"iteration":40,"passed_time":0.234532665,"remaining_time":0.3374982252},
{"learn":[0.07664085352],"iteration":41,"passed_time":0.2411122526,"remaining_time":0.3329645392},
{"learn":[0.07350199498],"iteration":42,"passed_time":0.2464118456,"remaining_time":0.3266389582},
{"learn":[0.07131875937],"iteration":43,"passed_time":0.2521648233,"remaining_time":0.3209370478},
{"learn":[0.06718860223],"iteration":44,"passed_time":0.2577869608,"remaining_time":0.3150729521},
{"learn":[0.06540241608],"iteration":45,"passed_time":0.2630861399,"remaining_time":0.3088402511},
{"learn":[0.06363340525],"iteration":46,"passed_time":0.2692716327,"remaining_time":0.3036467347},
{"learn":[0.06125050325],"iteration":47,"passed_time":0.2751271593,"remaining_time":0.2980544226},
{"learn":[0.05947743471],"iteration":48,"passed_time":0.2807235557,"remaining_time":0.29218166},
{"learn":[0.05735241908],"iteration":49,"passed_time":0.2862594752,"remaining_time":0.2862594752},
{"learn":[0.05530183132],"iteration":50,"passed_time":0.2926571788,"remaining_time":0.2811804267},
{"learn":[0.05313621118],"iteration":51,"passed_time":0.2997835977,"remaining_time":0.276723321},
{"learn":[0.05100195224],"iteration":52,"passed_time":0.3094674527,"remaining_time":0.2744334015},
{"learn":[0.04964692776],"iteration":53,"passed_time":0.3192735562,"remaining_time":0.2719737701},
{"learn":[0.04808807373],"iteration":54,"passed_time":0.3267466266,"remaining_time":0.267338149},
{"learn":[0.04671956943],"iteration":55,"passed_time":0.3340999006,"remaining_time":0.2625070648},
{"learn":[0.04566013813],"iteration":56,"passed_time":0.3401993507,"remaining_time":0.2566416154},
{"learn":[0.04418757329],"iteration":57,"passed_time":0.3461415924,"remaining_time":0.2506542566},
{"learn":[0.04228749642],"iteration":58,"passed_time":0.3528944933,"remaining_time":0.2452317665},
{"learn":[0.04139905251],"iteration":59,"passed_time":0.3591939881,"remaining_time":0.2394626587},
{"learn":[0.04026713738],"iteration":60,"passed_time":0.3654110211,"remaining_time":0.2336234397},
{"learn":[0.03928985963],"iteration":61,"passed_time":0.3712834179,"remaining_time":0.2275608045},
{"learn":[0.03812235135],"iteration":62,"passed_time":0.3774881292,"remaining_time":0.2216993775},
{"learn":[0.03677003429],"iteration":63,"passed_time":0.3830579345,"remaining_time":0.2154700882},
{"learn":[0.03552453793],"iteration":64,"passed_time":0.3886096124,"remaining_time":0.2092513298},
{"learn":[0.03443090045],"iteration":65,"passed_time":0.393913859,"remaining_time":0.2029253213},
{"learn":[0.03346282702],"iteration":66,"passed_time":0.399081474,"remaining_time":0.196562517},
{"learn":[0.03225830656],"iteration":67,"passed_time":0.4040473079,"remaining_time":0.1901399096},
{"learn":[0.0309071495],"iteration":68,"passed_time":0.4090404598,"remaining_time":0.1837718008},
{"learn":[0.02999928823],"iteration":69,"passed_time":0.4149464572,"remaining_time":0.177834196},
{"learn":[0.02936938864],"iteration":70,"passed_time":0.4205926091,"remaining_time":0.1717913474},
{"learn":[0.02856785976],"iteration":71,"passed_time":0.4260434943,"remaining_time":0.1656835811},
{"learn":[0.02762456353],"iteration":72,"passed_time":0.4319769052,"remaining_time":0.15977228},
{"learn":[0.02675194236],"iteration":73,"passed_time":0.437399772,"remaining_time":0.153681001},
{"learn":[0.02609464755],"iteration":74,"passed_time":0.4429303221,"remaining_time":0.1476434407},
{"learn":[0.02530351969],"iteration":75,"passed_time":0.4485806849,"remaining_time":0.1416570584},
{"learn":[0.02460180796],"iteration":76,"passed_time":0.4541302387,"remaining_time":0.1356492921},
{"learn":[0.02394217711],"iteration":77,"passed_time":0.4595695105,"remaining_time":0.1296221696},
{"learn":[0.02305976703],"iteration":78,"passed_time":0.4650847057,"remaining_time":0.1236301117},
{"learn":[0.0223478629],"iteration":79,"passed_time":0.4703703254,"remaining_time":0.1175925814},
{"learn":[0.0218026638],"iteration":80,"passed_time":0.4758224083,"remaining_time":0.1116126637},
{"learn":[0.0212102349],"iteration":81,"passed_time":0.4811998388,"remaining_time":0.1056292329},
{"learn":[0.02060454396],"iteration":82,"passed_time":0.4865614517,"remaining_time":0.09965716481},
{"learn":[0.02003092032],"iteration":83,"passed_time":0.4920288403,"remaining_time":0.0937197791},
{"learn":[0.01961821776],"iteration":84,"passed_time":0.4971927707,"remaining_time":0.08773990071},
{"learn":[0.01919586613],"iteration":85,"passed_time":0.5024428666,"remaining_time":0.0817930248},
{"learn":[0.01880077674],"iteration":86,"passed_time":0.5078143672,"remaining_time":0.07588030775},
{"learn":[0.01832943008],"iteration":87,"passed_time":0.513375237,"remaining_time":0.07000571414},
{"learn":[0.01786556267],"iteration":88,"passed_time":0.5191102176,"remaining_time":0.06415968982},
{"learn":[0.01743622239],"iteration":89,"passed_time":0.5248231078,"remaining_time":0.05831367864},
{"learn":[0.01715427866],"iteration":90,"passed_time":0.5307272687,"remaining_time":0.05248951009},
{"learn":[0.01673636643],"iteration":91,"passed_time":0.5359728563,"remaining_time":0.04660633533},
{"learn":[0.01629786996],"iteration":92,"passed_time":0.5410530757,"remaining_time":0.04072442505},
{"learn":[0.0158733141],"iteration":93,"passed_time":0.5463174253,"remaining_time":0.03487132502},
{"learn":[0.0155142603],"iteration":94,"passed_time":0.5516655266,"remaining_time":0.02903502772},
{"learn":[0.01515602148],"iteration":95,"passed_time":0.5571221589,"remaining_time":0.02321342329},
{"learn":[0.01475396982],"iteration":96,"passed_time":0.5625874014,"remaining_time":0.01739961035},
{"learn":[0.01443420924],"iteration":97,"passed_time":0.5682218463,"remaining_time":0.01159636421},
{"learn":[0.0142047325],"iteration":98,"passed_time":0.5734549341,"remaining_time":0.005792474082},
{"learn":[0.01389906727],"iteration":99,"passed_time":0.5790146163,"remaining_time":0}
]}